{"v":"4.10.2","fr":24,"ip":0,"op":152,"w":216,"h":106,"nm":"Lotti","ddd":0,"assets":[{"id":"comp_30","layers":[{"ddd":0,"ind":1,"ty":0,"nm":"Scan_Secu","refId":"comp_31","sr":1,"ks":{"o":{"a":1,"k":[{"i":{"x":[0.833],"y":[0.833]},"o":{"x":[0.167],"y":[0.167]},"n":["0p833_0p833_0p167_0p167"],"t":8,"s":[0],"e":[100]},{"i":{"x":[0.833],"y":[0.833]},"o":{"x":[0.167],"y":[0.167]},"n":["0p833_0p833_0p167_0p167"],"t":13,"s":[100],"e":[100]},{"i":{"x":[0.833],"y":[0.833]},"o":{"x":[0.167],"y":[0.167]},"n":["0p833_0p833_0p167_0p167"],"t":123,"s":[100],"e":[0]},{"t":127}],"ix":11},"r":{"a":1,"k":[{"i":{"x":[0.667],"y":[1]},"o":{"x":[0.333],"y":[0]},"n":["0p667_1_0p333_0"],"t":8,"s":[-39],"e":[-97]},{"i":{"x":[0.833],"y":[0.833]},"o":{"x":[0.167],"y":[0.167]},"n":["0p833_0p833_0p167_0p167"],"t":25,"s":[-97],"e":[-97]},{"i":{"x":[0.667],"y":[1]},"o":{"x":[0.333],"y":[0]},"n":["0p667_1_0p333_0"],"t":39,"s":[-97],"e":[0]},{"i":{"x":[0.833],"y":[0.833]},"o":{"x":[0.167],"y":[0.167]},"n":["0p833_0p833_0p167_0p167"],"t":57.261,"s":[0],"e":[0]},{"i":{"x":[0.667],"y":[1]},"o":{"x":[0.333],"y":[0]},"n":["0p667_1_0p333_0"],"t":70,"s":[0],"e":[-103]},{"i":{"x":[0.833],"y":[0.833]},"o":{"x":[0.167],"y":[0.167]},"n":["0p833_0p833_0p167_0p167"],"t":91.913,"s":[-103],"e":[-103]},{"i":{"x":[0.667],"y":[1]},"o":{"x":[0.333],"y":[0]},"n":["0p667_1_0p333_0"],"t":108,"s":[-103],"e":[-39]},{"t":127}],"ix":10},"p":{"a":1,"k":[{"i":{"x":0.667,"y":1},"o":{"x":0.333,"y":0},"n":"0p667_1_0p333_0","t":8,"s":[318,161,0],"e":[274,86,0],"to":[-7.33333349227905,-12.5,0],"ti":[7.33333349227905,12.5,0]},{"i":{"x":0.833,"y":0.833},"o":{"x":0.167,"y":0.167},"n":"0p833_0p833_0p167_0p167","t":25,"s":[274,86,0],"e":[274,86,0],"to":[0,0,0],"ti":[0,0,0]},{"i":{"x":0.667,"y":1},"o":{"x":0.333,"y":0},"n":"0p667_1_0p333_0","t":39,"s":[274,86,0],"e":[147,127,0],"to":[-21.1666660308838,6.83333349227905,0],"ti":[21.1666660308838,-6.83333349227905,0]},{"i":{"x":0.833,"y":0.833},"o":{"x":0.167,"y":0.167},"n":"0p833_0p833_0p167_0p167","t":57.261,"s":[147,127,0],"e":[147,127,0],"to":[0,0,0],"ti":[0,0,0]},{"i":{"x":0.667,"y":1},"o":{"x":0.333,"y":0},"n":"0p667_1_0p333_0","t":70,"s":[147,127,0],"e":[253,172,0],"to":[17.6666660308838,7.5,0],"ti":[-17.6666660308838,-7.5,0]},{"i":{"x":0.833,"y":0.833},"o":{"x":0.167,"y":0.167},"n":"0p833_0p833_0p167_0p167","t":91.913,"s":[253,172,0],"e":[253,172,0],"to":[0,0,0],"ti":[0,0,0]},{"i":{"x":0.667,"y":1},"o":{"x":0.333,"y":0},"n":"0p667_1_0p333_0","t":108,"s":[253,172,0],"e":[325,161,0],"to":[12,-1.83333337306976,0],"ti":[-12,1.83333337306976,0]},{"t":127}],"ix":2},"a":{"a":0,"k":[104.838,198.235,0],"ix":1},"s":{"a":0,"k":[52.308,52.308,100],"ix":6}},"ao":0,"w":311,"h":320,"ip":0,"op":360,"st":0,"bm":0},{"ddd":0,"ind":2,"ty":0,"nm":"Ombre","parent":1,"refId":"comp_32","sr":1,"ks":{"o":{"a":1,"k":[{"i":{"x":[0.833],"y":[0.833]},"o":{"x":[0.167],"y":[0.167]},"n":["0p833_0p833_0p167_0p167"],"t":8,"s":[0],"e":[10]},{"i":{"x":[0.833],"y":[0.833]},"o":{"x":[0.167],"y":[0.167]},"n":["0p833_0p833_0p167_0p167"],"t":22,"s":[10],"e":[10]},{"i":{"x":[0.833],"y":[0.833]},"o":{"x":[0.167],"y":[0.167]},"n":["0p833_0p833_0p167_0p167"],"t":116,"s":[10],"e":[0]},{"t":127}],"ix":11},"r":{"a":0,"k":38,"ix":10},"p":{"a":1,"k":[{"i":{"x":0.833,"y":0.833},"o":{"x":0.167,"y":0.167},"n":"0p833_0p833_0p167_0p167","t":25,"s":[-31.014,-45.588,0],"e":[-31.014,-45.588,0],"to":[0,0,0],"ti":[0,0,0]},{"i":{"x":0.667,"y":1},"o":{"x":0.333,"y":0},"n":"0p667_1_0p333_0","t":39,"s":[-31.014,-45.588,0],"e":[19.986,9.412,0],"to":[8.5,9.16666698455811,0],"ti":[-8.5,-9.16666698455811,0]},{"i":{"x":0.833,"y":0.833},"o":{"x":0.167,"y":0.167},"n":"0p833_0p833_0p167_0p167","t":57,"s":[19.986,9.412,0],"e":[19.986,9.412,0],"to":[0,0,0],"ti":[0,0,0]},{"i":{"x":0.667,"y":1},"o":{"x":0.333,"y":0},"n":"0p667_1_0p333_0","t":70,"s":[19.986,9.412,0],"e":[-13.014,-24.588,0],"to":[-5.5,-5.66666650772095,0],"ti":[5.5,5.66666650772095,0]},{"i":{"x":0.833,"y":0.833},"o":{"x":0.167,"y":0.167},"n":"0p833_0p833_0p167_0p167","t":91,"s":[-13.014,-24.588,0],"e":[-13.014,-24.588,0],"to":[0,0,0],"ti":[0,0,0]},{"t":108}],"ix":2},"a":{"a":0,"k":[216,106,0],"ix":1},"s":{"a":0,"k":[191.176,191.176,100],"ix":6}},"ao":0,"w":432,"h":212,"ip":0,"op":360,"st":0,"bm":0},{"ddd":0,"ind":3,"ty":4,"nm":"Calque de forme 2","parent":1,"td":1,"sr":1,"ks":{"o":{"a":0,"k":100,"ix":11},"r":{"a":0,"k":0,"ix":10},"p":{"a":0,"k":[236.75,177.206,0],"ix":2},"a":{"a":0,"k":[0,0,0],"ix":1},"s":{"a":0,"k":[191.176,191.176,100],"ix":6}},"ao":0,"shapes":[{"ty":"gr","it":[{"d":1,"ty":"el","s":{"a":0,"k":[61.277,61.277],"ix":2},"p":{"a":0,"k":[0,0],"ix":3},"nm":"Tracé d'ellipse 1","mn":"ADBE Vector Shape - Ellipse","hd":false},{"ty":"fl","c":{"a":0,"k":[0.464383981742,0.098353995529,0.098353995529,1],"ix":4},"o":{"a":0,"k":100,"ix":5},"r":1,"nm":"Fond 1","mn":"ADBE Vector Graphic - Fill","hd":false},{"ty":"tr","p":{"a":0,"k":[-43.861,-11.861],"ix":2},"a":{"a":0,"k":[0,0],"ix":1},"s":{"a":0,"k":[100,100],"ix":3},"r":{"a":0,"k":0,"ix":6},"o":{"a":0,"k":100,"ix":7},"sk":{"a":0,"k":0,"ix":4},"sa":{"a":0,"k":0,"ix":5},"nm":"Transformer "}],"nm":"Ellipse 1","np":3,"cix":2,"ix":1,"mn":"ADBE Vector Group","hd":false}],"ip":0,"op":360,"st":0,"bm":0},{"ddd":0,"ind":4,"ty":0,"nm":"ShieldRougeCheck","tt":1,"refId":"comp_33","sr":1,"ks":{"o":{"a":0,"k":100,"ix":11},"r":{"a":0,"k":0,"ix":10},"p":{"a":0,"k":[216,106,0],"ix":2},"a":{"a":0,"k":[216,106,0],"ix":1},"s":{"a":0,"k":[100,100,100],"ix":6}},"ao":0,"w":432,"h":212,"ip":0,"op":360,"st":0,"bm":0},{"ddd":0,"ind":5,"ty":0,"nm":"ShieldBleuCheck","refId":"comp_35","sr":1,"ks":{"o":{"a":0,"k":100,"ix":11},"r":{"a":0,"k":0,"ix":10},"p":{"a":0,"k":[216,106,0],"ix":2},"a":{"a":0,"k":[216,106,0],"ix":1},"s":{"a":0,"k":[97.906,97.906,100],"ix":6}},"ao":0,"w":432,"h":212,"ip":0,"op":360,"st":0,"bm":0},{"ddd":0,"ind":6,"ty":0,"nm":"forme","refId":"comp_37","sr":1,"ks":{"o":{"a":0,"k":100,"ix":11},"r":{"a":0,"k":0,"ix":10},"p":{"a":0,"k":[216,119,0],"ix":2},"a":{"a":0,"k":[349.5,384,0],"ix":1},"s":{"a":0,"k":[36,36,100],"ix":6}},"ao":0,"w":699,"h":768,"ip":0,"op":360,"st":0,"bm":0}]},{"id":"comp_31","layers":[{"ddd":0,"ind":1,"ty":4,"nm":"reflet_01 Silhouettes","sr":1,"ks":{"o":{"a":0,"k":61,"ix":11},"r":{"a":0,"k":0,"ix":10},"p":{"a":0,"k":[184.209,138.922,0],"ix":2},"a":{"a":0,"k":[6.425,6.793,0],"ix":1},"s":{"a":0,"k":[100,100,100],"ix":6}},"ao":0,"shapes":[{"ty":"gr","it":[{"ind":0,"ty":"sh","ix":1,"ks":{"a":0,"k":{"i":[[1.048,0],[1.047,1.537],[0.627,0.794],[-2.343,1.853],[-1.854,-2.345],[-0.712,-1.046],[2.469,-1.681]],"o":[[-1.73,0],[-0.568,-0.835],[-1.853,-2.343],[2.343,-1.854],[0.786,0.994],[1.682,2.47],[-0.932,0.635]],"v":[[1.02,6.792],[-3.456,4.427],[-5.258,1.973],[-4.371,-5.625],[3.228,-4.738],[5.486,-1.663],[4.06,5.853]],"c":true},"ix":2},"nm":"Tracé 1","mn":"ADBE Vector Shape - Group","hd":false},{"ty":"fl","c":{"a":0,"k":[1,1,1,1],"ix":4},"o":{"a":0,"k":100,"ix":5},"r":1,"nm":"Fond 1","mn":"ADBE Vector Graphic - Fill","hd":false},{"ty":"tr","p":{"a":0,"k":[6.425,6.792],"ix":2},"a":{"a":0,"k":[0,0],"ix":1},"s":{"a":0,"k":[100,100],"ix":3},"r":{"a":0,"k":0,"ix":6},"o":{"a":0,"k":100,"ix":7},"sk":{"a":0,"k":0,"ix":4},"sa":{"a":0,"k":0,"ix":5},"nm":"Transformer "}],"nm":"Groupe 1","np":2,"cix":2,"ix":1,"mn":"ADBE Vector Group","hd":false}],"ip":0,"op":360,"st":0,"bm":0},{"ddd":0,"ind":2,"ty":4,"nm":"reflet_02 Silhouettes","sr":1,"ks":{"o":{"a":0,"k":61,"ix":11},"r":{"a":0,"k":0,"ix":10},"p":{"a":0,"k":[162.67,122.767,0],"ix":2},"a":{"a":0,"k":[10.161,7.228,0],"ix":1},"s":{"a":0,"k":[100,100,100],"ix":6}},"ao":0,"shapes":[{"ty":"gr","it":[{"ind":0,"ty":"sh","ix":1,"ks":{"a":0,"k":{"i":[[1.967,0],[0.789,0.403],[2.909,0.767],[-0.762,2.888],[-2.888,-0.762],[-3.365,-1.721],[1.36,-2.66]],"o":[[-0.829,0],[-2.677,-1.369],[-2.889,-0.763],[0.762,-2.889],[3.656,0.964],[2.66,1.36],[-0.957,1.871]],"v":[[4.745,7.227],[2.287,6.633],[-6.131,3.414],[-9.981,-3.197],[-3.37,-7.047],[7.212,-3],[9.566,4.279]],"c":true},"ix":2},"nm":"Tracé 1","mn":"ADBE Vector Shape - Group","hd":false},{"ty":"fl","c":{"a":0,"k":[1,1,1,1],"ix":4},"o":{"a":0,"k":100,"ix":5},"r":1,"nm":"Fond 1","mn":"ADBE Vector Graphic - Fill","hd":false},{"ty":"tr","p":{"a":0,"k":[10.161,7.227],"ix":2},"a":{"a":0,"k":[0,0],"ix":1},"s":{"a":0,"k":[100,100],"ix":3},"r":{"a":0,"k":0,"ix":6},"o":{"a":0,"k":100,"ix":7},"sk":{"a":0,"k":0,"ix":4},"sa":{"a":0,"k":0,"ix":5},"nm":"Transformer "}],"nm":"Groupe 1","np":2,"cix":2,"ix":1,"mn":"ADBE Vector Group","hd":false}],"ip":0,"op":360,"st":0,"bm":0},{"ddd":0,"ind":3,"ty":4,"nm":"contour Silhouettes","sr":1,"ks":{"o":{"a":0,"k":100,"ix":11},"r":{"a":0,"k":0,"ix":10},"p":{"a":0,"k":[160.595,156.994,0],"ix":2},"a":{"a":0,"k":[74.11,75.038,0],"ix":1},"s":{"a":0,"k":[86.079,86.079,100],"ix":6}},"ao":0,"shapes":[{"ty":"gr","it":[{"ind":0,"ty":"sh","ix":1,"ks":{"a":0,"k":{"i":[[-0.225,4.667],[-8.081,11.063],[-18.261,2.844],[-14.923,-10.9],[22.503,-30.807],[30.806,22.502],[2.844,18.261]],"o":[[0.644,-13.376],[10.901,-14.924],[18.26,-2.843],[30.804,22.503],[-22.503,30.804],[-14.924,-10.901],[-0.737,-4.722]],"v":[[-73.634,-7.05],[-60.382,-44.393],[-15.16,-71.945],[36.299,-59.452],[51.357,37.229],[-45.322,52.286],[-72.874,7.064]],"c":true},"ix":2},"nm":"Tracé 2","mn":"ADBE Vector Shape - Group","hd":false},{"ty":"tr","p":{"a":0,"k":[74.109,75.038],"ix":2},"a":{"a":0,"k":[0,0],"ix":1},"s":{"a":0,"k":[100,100],"ix":3},"r":{"a":0,"k":0,"ix":6},"o":{"a":0,"k":100,"ix":7},"sk":{"a":0,"k":0,"ix":4},"sa":{"a":0,"k":0,"ix":5},"nm":"Transformer "}],"nm":"Groupe 1","np":1,"cix":2,"ix":1,"mn":"ADBE Vector Group","hd":false},{"ty":"st","c":{"a":0,"k":[0,0.874509811401,0.678431391716,1],"ix":3},"o":{"a":0,"k":100,"ix":4},"w":{"a":0,"k":26,"ix":5},"lc":1,"lj":1,"ml":4,"nm":"Contour 1","mn":"ADBE Vector Graphic - Stroke","hd":false}],"ip":0,"op":360,"st":0,"bm":0},{"ddd":0,"ind":4,"ty":4,"nm":"verre Silhouettes","sr":1,"ks":{"o":{"a":0,"k":10,"ix":11},"r":{"a":0,"k":0,"ix":10},"p":{"a":0,"k":[156.082,153.411,0],"ix":2},"a":{"a":0,"k":[58.433,58.432,0],"ix":1},"s":{"a":0,"k":[100,100,100],"ix":6}},"ao":0,"shapes":[{"ty":"gr","it":[{"ind":0,"ty":"sh","ix":1,"ks":{"a":0,"k":{"i":[[31.888,4.932],[-4.931,31.888],[-31.888,-4.931],[4.932,-31.887]],"o":[[-31.888,-4.932],[4.932,-31.888],[31.888,4.932],[-4.932,31.888]],"v":[[-8.93,57.738],[-57.739,-8.929],[8.929,-57.738],[57.737,8.929]],"c":true},"ix":2},"nm":"Tracé 1","mn":"ADBE Vector Shape - Group","hd":false},{"ty":"fl","c":{"a":0,"k":[1,1,1,1],"ix":4},"o":{"a":0,"k":100,"ix":5},"r":1,"nm":"Fond 1","mn":"ADBE Vector Graphic - Fill","hd":false},{"ty":"tr","p":{"a":0,"k":[58.433,58.432],"ix":2},"a":{"a":0,"k":[0,0],"ix":1},"s":{"a":0,"k":[100,100],"ix":3},"r":{"a":0,"k":0,"ix":6},"o":{"a":0,"k":100,"ix":7},"sk":{"a":0,"k":0,"ix":4},"sa":{"a":0,"k":0,"ix":5},"nm":"Transformer "}],"nm":"Groupe 1","np":2,"cix":2,"ix":1,"mn":"ADBE Vector Group","hd":false}],"ip":0,"op":360,"st":0,"bm":0},{"ddd":0,"ind":5,"ty":4,"nm":"manche Silhouettes","sr":1,"ks":{"o":{"a":0,"k":100,"ix":11},"r":{"a":0,"k":0,"ix":10},"p":{"a":0,"k":[88.011,215.279,0],"ix":2},"a":{"a":0,"k":[34.452,31.803,0],"ix":1},"s":{"a":0,"k":[100,100,100],"ix":6}},"ao":0,"shapes":[{"ty":"gr","it":[{"ind":0,"ty":"sh","ix":1,"ks":{"a":0,"k":{"i":[[3.353,0],[2.777,3.086],[-5.774,5.197],[0,0],[-5.196,-5.775],[5.774,-5.196],[0,0]],"o":[[-3.849,0],[-5.196,-5.775],[0,0],[5.774,-5.196],[5.197,5.774],[0,0],[-2.688,2.419]],"v":[[-18.548,31.553],[-29.007,26.898],[-27.961,7.033],[9.143,-26.357],[29.006,-25.311],[27.96,-5.448],[-9.144,27.944]],"c":true},"ix":2},"nm":"Tracé 1","mn":"ADBE Vector Shape - Group","hd":false},{"ty":"fl","c":{"a":0,"k":[0,0.666999966491,0.569000004787,1],"ix":4},"o":{"a":0,"k":100,"ix":5},"r":1,"nm":"Fond 1","mn":"ADBE Vector Graphic - Fill","hd":false},{"ty":"tr","p":{"a":0,"k":[34.453,31.803],"ix":2},"a":{"a":0,"k":[0,0],"ix":1},"s":{"a":0,"k":[100,100],"ix":3},"r":{"a":0,"k":0,"ix":6},"o":{"a":0,"k":100,"ix":7},"sk":{"a":0,"k":0,"ix":4},"sa":{"a":0,"k":0,"ix":5},"nm":"Transformer "}],"nm":"Groupe 1","np":2,"cix":2,"ix":1,"mn":"ADBE Vector Group","hd":false}],"ip":0,"op":360,"st":0,"bm":0}]},{"id":"comp_32","layers":[{"ddd":0,"ind":1,"ty":4,"nm":"contour Silhouettes","parent":2,"sr":1,"ks":{"o":{"a":0,"k":100,"ix":11},"r":{"a":0,"k":0,"ix":10},"p":{"a":0,"k":[107.036,-26.481,0],"ix":2},"a":{"a":0,"k":[74.11,75.038,0],"ix":1},"s":{"a":0,"k":[86.079,86.079,100],"ix":6}},"ao":0,"shapes":[{"ty":"gr","it":[{"ind":0,"ty":"sh","ix":1,"ks":{"a":0,"k":{"i":[[-0.225,4.667],[-8.081,11.063],[-18.261,2.844],[-14.923,-10.9],[22.503,-30.807],[30.806,22.502],[2.844,18.261]],"o":[[0.644,-13.376],[10.901,-14.924],[18.26,-2.843],[30.804,22.503],[-22.503,30.804],[-14.924,-10.901],[-0.737,-4.722]],"v":[[-73.634,-7.05],[-60.382,-44.393],[-15.16,-71.945],[36.299,-59.452],[51.357,37.229],[-45.322,52.286],[-72.874,7.064]],"c":true},"ix":2},"nm":"Tracé 2","mn":"ADBE Vector Shape - Group","hd":false},{"ty":"tr","p":{"a":0,"k":[74.109,75.038],"ix":2},"a":{"a":0,"k":[0,0],"ix":1},"s":{"a":0,"k":[100,100],"ix":3},"r":{"a":0,"k":0,"ix":6},"o":{"a":0,"k":100,"ix":7},"sk":{"a":0,"k":0,"ix":4},"sa":{"a":0,"k":0,"ix":5},"nm":"Transformer "}],"nm":"Groupe 1","np":1,"cix":2,"ix":1,"mn":"ADBE Vector Group","hd":false},{"ty":"st","c":{"a":0,"k":[0.087469361722,0.087469361722,0.087469361722,1],"ix":3},"o":{"a":0,"k":100,"ix":4},"w":{"a":0,"k":26,"ix":5},"lc":1,"lj":1,"ml":4,"nm":"Contour 1","mn":"ADBE Vector Graphic - Stroke","hd":false}],"ip":0,"op":360,"st":0,"bm":0},{"ddd":0,"ind":2,"ty":4,"nm":"manche Silhouettes","sr":1,"ks":{"o":{"a":0,"k":100,"ix":11},"r":{"a":0,"k":-39,"ix":10},"p":{"a":0,"k":[328.258,165.998,0],"ix":2},"a":{"a":0,"k":[34.452,31.803,0],"ix":1},"s":{"a":0,"k":[48.983,48.983,100],"ix":6}},"ao":0,"shapes":[{"ty":"gr","it":[{"ind":0,"ty":"sh","ix":1,"ks":{"a":0,"k":{"i":[[3.353,0],[2.777,3.086],[-5.774,5.197],[0,0],[-5.196,-5.775],[5.774,-5.196],[0,0]],"o":[[-3.849,0],[-5.196,-5.775],[0,0],[5.774,-5.196],[5.197,5.774],[0,0],[-2.688,2.419]],"v":[[-18.548,31.553],[-29.007,26.898],[-27.961,7.033],[9.143,-26.357],[29.006,-25.311],[27.96,-5.448],[-9.144,27.944]],"c":true},"ix":2},"nm":"Tracé 1","mn":"ADBE Vector Shape - Group","hd":false},{"ty":"fl","c":{"a":0,"k":[0.011443014257,0.011443014257,0.011443014257,1],"ix":4},"o":{"a":0,"k":100,"ix":5},"r":1,"nm":"Fond 1","mn":"ADBE Vector Graphic - Fill","hd":false},{"ty":"tr","p":{"a":0,"k":[34.453,31.803],"ix":2},"a":{"a":0,"k":[0,0],"ix":1},"s":{"a":0,"k":[100,100],"ix":3},"r":{"a":0,"k":0,"ix":6},"o":{"a":0,"k":100,"ix":7},"sk":{"a":0,"k":0,"ix":4},"sa":{"a":0,"k":0,"ix":5},"nm":"Transformer "}],"nm":"Groupe 1","np":2,"cix":2,"ix":1,"mn":"ADBE Vector Group","hd":false}],"ip":0,"op":360,"st":0,"bm":0}]},{"id":"comp_33","layers":[{"ddd":0,"ind":1,"ty":4,"nm":"croix01/Scan_secu Silhouettes","parent":3,"sr":1,"ks":{"o":{"a":0,"k":100,"ix":11},"r":{"a":0,"k":0,"ix":10},"p":{"a":0,"k":[109.635,108.539,0],"ix":2},"a":{"a":0,"k":[16,16,0],"ix":1},"s":{"a":0,"k":[106.371,106.371,100],"ix":6}},"ao":0,"shapes":[{"ty":"gr","it":[{"ind":0,"ty":"sh","ix":1,"ks":{"a":0,"k":{"i":[[0,0],[0,0]],"o":[[0,0],[0,0]],"v":[[-12.652,-12.674],[12.652,12.674]],"c":false},"ix":2},"nm":"Tracé 1","mn":"ADBE Vector Shape - Group","hd":false},{"ty":"st","c":{"a":0,"k":[1,0.426999978458,0.313999998803,1],"ix":3},"o":{"a":0,"k":100,"ix":4},"w":{"a":0,"k":6.291,"ix":5},"lc":2,"lj":1,"ml":10,"nm":"Contour 1","mn":"ADBE Vector Graphic - Stroke","hd":false},{"ty":"tr","p":{"a":0,"k":[15.798,15.819],"ix":2},"a":{"a":0,"k":[0,0],"ix":1},"s":{"a":0,"k":[100,100],"ix":3},"r":{"a":0,"k":0,"ix":6},"o":{"a":0,"k":100,"ix":7},"sk":{"a":0,"k":0,"ix":4},"sa":{"a":0,"k":0,"ix":5},"nm":"Transformer "}],"nm":"Groupe 1","np":2,"cix":2,"ix":1,"mn":"ADBE Vector Group","hd":false}],"ip":0,"op":360,"st":0,"bm":0},{"ddd":0,"ind":2,"ty":4,"nm":"croix02/Scan_secu Silhouettes","parent":3,"sr":1,"ks":{"o":{"a":0,"k":100,"ix":11},"r":{"a":0,"k":0,"ix":10},"p":{"a":0,"k":[109.635,108.539,0],"ix":2},"a":{"a":0,"k":[16,16,0],"ix":1},"s":{"a":0,"k":[106.371,106.371,100],"ix":6}},"ao":0,"shapes":[{"ty":"gr","it":[{"ind":0,"ty":"sh","ix":1,"ks":{"a":0,"k":{"i":[[0,0],[0,0]],"o":[[0,0],[0,0]],"v":[[12.652,-12.674],[-12.652,12.674]],"c":false},"ix":2},"nm":"Tracé 1","mn":"ADBE Vector Shape - Group","hd":false},{"ty":"st","c":{"a":0,"k":[1,0.426999978458,0.313999998803,1],"ix":3},"o":{"a":0,"k":100,"ix":4},"w":{"a":0,"k":6.291,"ix":5},"lc":2,"lj":1,"ml":10,"nm":"Contour 1","mn":"ADBE Vector Graphic - Stroke","hd":false},{"ty":"tr","p":{"a":0,"k":[15.798,15.819],"ix":2},"a":{"a":0,"k":[0,0],"ix":1},"s":{"a":0,"k":[100,100],"ix":3},"r":{"a":0,"k":0,"ix":6},"o":{"a":0,"k":100,"ix":7},"sk":{"a":0,"k":0,"ix":4},"sa":{"a":0,"k":0,"ix":5},"nm":"Transformer "}],"nm":"Groupe 1","np":2,"cix":2,"ix":1,"mn":"ADBE Vector Group","hd":false}],"ip":0,"op":360,"st":0,"bm":0},{"ddd":0,"ind":3,"ty":0,"nm":"Shield_Rouge","refId":"comp_34","sr":1,"ks":{"o":{"a":0,"k":100,"ix":11},"r":{"a":0,"k":0,"ix":10},"p":{"a":0,"k":[213,105,0],"ix":2},"a":{"a":0,"k":[110,110,0],"ix":1},"s":{"a":0,"k":[136.888,136.888,100],"ix":6}},"ao":0,"w":220,"h":220,"ip":0,"op":360,"st":0,"bm":0}]},{"id":"comp_34","layers":[{"ddd":0,"ind":1,"ty":4,"nm":"Shield05 Silhouettes","sr":1,"ks":{"o":{"a":0,"k":100,"ix":11},"r":{"a":0,"k":0,"ix":10},"p":{"a":0,"k":[89.919,112.127,0],"ix":2},"a":{"a":0,"k":[20,44.748,0],"ix":1},"s":{"a":0,"k":[100,100,100],"ix":6}},"ao":0,"shapes":[{"ty":"gr","it":[{"ind":0,"ty":"sh","ix":1,"ks":{"a":0,"k":{"i":[[0,0],[0,18.094],[0,0],[-5.943,2.301],[0,0],[17.054,-0.63],[0,-0.926],[0,0],[-18.806,-11.462],[0,0],[0,0]],"o":[[-16.856,-10.273],[0,0],[12.981,-1.426],[0,0],[0,0],[-1.04,0.038],[0,0],[0,20.188],[0,0],[0,0],[0,0]],"v":[[14.38,33.485],[-12.539,-11.818],[-12.539,-29.052],[19.75,-37.499],[19.75,-44.498],[-17.888,-34.969],[-19.75,-33.252],[-19.75,-11.818],[10.286,38.73],[19.75,44.498],[19.75,36.757]],"c":true},"ix":2},"nm":"Tracé 1","mn":"ADBE Vector Shape - Group","hd":false},{"ty":"fl","c":{"a":0,"k":[0.877999997606,0.356999984442,0.255000005984,1],"ix":4},"o":{"a":0,"k":100,"ix":5},"r":1,"nm":"Fond 1","mn":"ADBE Vector Graphic - Fill","hd":false},{"ty":"tr","p":{"a":0,"k":[20,44.748],"ix":2},"a":{"a":0,"k":[0,0],"ix":1},"s":{"a":0,"k":[100,100],"ix":3},"r":{"a":0,"k":0,"ix":6},"o":{"a":0,"k":100,"ix":7},"sk":{"a":0,"k":0,"ix":4},"sa":{"a":0,"k":0,"ix":5},"nm":"Transformer "}],"nm":"Groupe 1","np":2,"cix":2,"ix":1,"mn":"ADBE Vector Group","hd":false}],"ip":0,"op":360,"st":0,"bm":0},{"ddd":0,"ind":2,"ty":4,"nm":"ShieldB03 Silhouettes","sr":1,"ks":{"o":{"a":0,"k":100,"ix":11},"r":{"a":0,"k":0,"ix":10},"p":{"a":0,"k":[109.669,112.049,0],"ix":2},"a":{"a":0,"k":[39.75,44.674,0],"ix":1},"s":{"a":0,"k":[100,100,100],"ix":6}},"ao":0,"shapes":[{"ty":"gr","it":[{"ind":0,"ty":"sh","ix":1,"ks":{"a":0,"k":{"i":[[0,0],[17.054,-0.624],[0,-0.918],[0,0],[-18.807,-11.443],[0,0],[0,0],[0,20.154],[0,0],[0.183,-0.009]],"o":[[0,0],[-1.04,0.038],[0,0],[0,20.154],[0,0],[0,0],[18.808,-11.443],[0,0],[0.041,-0.363],[-17.054,-0.624]],"v":[[0,-44.424],[-37.638,-34.979],[-39.5,-33.276],[-39.5,-11.797],[-9.464,38.667],[0,44.424],[9.463,38.667],[39.5,-11.797],[39.5,-34.49],[39.358,-34.979]],"c":true},"ix":2},"nm":"Tracé 1","mn":"ADBE Vector Shape - Group","hd":false},{"ty":"st","c":{"a":0,"k":[1,0.439215689898,0.301960796118,1],"ix":3},"o":{"a":0,"k":100,"ix":4},"w":{"a":0,"k":6.5,"ix":5},"lc":1,"lj":2,"nm":"Contour 1","mn":"ADBE Vector Graphic - Stroke","hd":false},{"ty":"tr","p":{"a":0,"k":[39.75,44.674],"ix":2},"a":{"a":0,"k":[0,0],"ix":1},"s":{"a":0,"k":[92.673,92.673],"ix":3},"r":{"a":0,"k":0,"ix":6},"o":{"a":0,"k":100,"ix":7},"sk":{"a":0,"k":0,"ix":4},"sa":{"a":0,"k":0,"ix":5},"nm":"Transformer "}],"nm":"Groupe 1","np":2,"cix":2,"ix":1,"mn":"ADBE Vector Group","hd":false}],"ip":0,"op":360,"st":0,"bm":0},{"ddd":0,"ind":3,"ty":4,"nm":"Shield04 Silhouettes","sr":1,"ks":{"o":{"a":0,"k":100,"ix":11},"r":{"a":0,"k":0,"ix":10},"p":{"a":0,"k":[90.949,112.352,0],"ix":2},"a":{"a":0,"k":[18.969,43.611,0],"ix":1},"s":{"a":0,"k":[100,100,100],"ix":6}},"ao":0,"shapes":[{"ty":"gr","it":[{"ind":0,"ty":"sh","ix":1,"ks":{"a":0,"k":{"i":[[0,-0.919],[0,0],[-18.807,-11.462],[0,0],[0,0],[17.055,-0.626]],"o":[[0,0],[0,20.188],[0,0],[0,0],[0,0],[-1.039,0.038]],"v":[[-18.719,-32.195],[-18.719,-12.044],[9.256,37.594],[18.719,43.361],[18.719,-43.361],[-16.858,-33.899]],"c":true},"ix":2},"nm":"Tracé 1","mn":"ADBE Vector Shape - Group","hd":false},{"ty":"fl","c":{"a":0,"k":[0.663000009574,0.289999988032,0.2,1],"ix":4},"o":{"a":0,"k":100,"ix":5},"r":1,"nm":"Fond 1","mn":"ADBE Vector Graphic - Fill","hd":false},{"ty":"tr","p":{"a":0,"k":[18.969,43.611],"ix":2},"a":{"a":0,"k":[0,0],"ix":1},"s":{"a":0,"k":[100,100],"ix":3},"r":{"a":0,"k":0,"ix":6},"o":{"a":0,"k":100,"ix":7},"sk":{"a":0,"k":0,"ix":4},"sa":{"a":0,"k":0,"ix":5},"nm":"Transformer "}],"nm":"Groupe 1","np":2,"cix":2,"ix":1,"mn":"ADBE Vector Group","hd":false}],"ip":0,"op":360,"st":0,"bm":0},{"ddd":0,"ind":4,"ty":4,"nm":"Shield03 Silhouettes","sr":1,"ks":{"o":{"a":0,"k":100,"ix":11},"r":{"a":0,"k":0,"ix":10},"p":{"a":0,"k":[109.669,111.948,0],"ix":2},"a":{"a":0,"k":[36.145,41.058,0],"ix":1},"s":{"a":0,"k":[100,100,100],"ix":6}},"ao":0,"shapes":[{"ty":"gr","it":[{"ind":0,"ty":"sh","ix":1,"ks":{"a":0,"k":{"i":[[0,0],[0,19.142],[0,0],[-5.067,2.037],[-14.63,-0.921],[0,0],[17.832,-10.868],[0,0]],"o":[[-17.832,-10.867],[0,0],[14.63,-0.921],[5.067,2.037],[0,0],[0,19.142],[0,0],[0,0]],"v":[[-7.417,36.286],[-35.895,-11.639],[-35.895,-31.758],[0,-40.808],[35.895,-31.758],[35.895,-11.639],[7.417,36.288],[0,40.808]],"c":true},"ix":2},"nm":"Tracé 1","mn":"ADBE Vector Shape - Group","hd":false},{"ty":"fl","c":{"a":0,"k":[0.732999973671,0.313999998803,0.211999990426,1],"ix":4},"o":{"a":0,"k":100,"ix":5},"r":1,"nm":"Fond 1","mn":"ADBE Vector Graphic - Fill","hd":false},{"ty":"tr","p":{"a":0,"k":[36.145,41.058],"ix":2},"a":{"a":0,"k":[0,0],"ix":1},"s":{"a":0,"k":[100,100],"ix":3},"r":{"a":0,"k":0,"ix":6},"o":{"a":0,"k":100,"ix":7},"sk":{"a":0,"k":0,"ix":4},"sa":{"a":0,"k":0,"ix":5},"nm":"Transformer "}],"nm":"Groupe 1","np":2,"cix":2,"ix":1,"mn":"ADBE Vector Group","hd":false}],"ip":0,"op":360,"st":0,"bm":0},{"ddd":0,"ind":5,"ty":4,"nm":"Shield02 Silhouettes","sr":1,"ks":{"o":{"a":0,"k":100,"ix":11},"r":{"a":0,"k":0,"ix":10},"p":{"a":0,"k":[109.669,112.125,0],"ix":2},"a":{"a":0,"k":[39.75,44.75,0],"ix":1},"s":{"a":0,"k":[100,100,100],"ix":6}},"ao":0,"shapes":[{"ty":"gr","it":[{"ind":0,"ty":"sh","ix":1,"ks":{"a":0,"k":{"i":[[0,0],[17.054,-0.625],[0,-0.919],[0,0],[-18.807,-11.461],[0,0],[0,0],[0,20.188],[0,0],[1.04,0.039]],"o":[[0,0],[-1.04,0.039],[0,0],[0,20.188],[0,0],[0,0],[18.808,-11.461],[0,0],[0,-0.919],[-17.054,-0.625]],"v":[[0,-44.5],[-37.638,-35.039],[-39.5,-33.333],[-39.5,-11.816],[-9.464,38.732],[0,44.5],[9.463,38.732],[39.5,-11.816],[39.5,-33.333],[37.638,-35.039]],"c":true},"ix":2},"nm":"Tracé 1","mn":"ADBE Vector Shape - Group","hd":false},{"ty":"fl","c":{"a":0,"k":[0.732999973671,0.313999998803,0.211999990426,1],"ix":4},"o":{"a":0,"k":100,"ix":5},"r":1,"nm":"Fond 1","mn":"ADBE Vector Graphic - Fill","hd":false},{"ty":"tr","p":{"a":0,"k":[39.75,44.75],"ix":2},"a":{"a":0,"k":[0,0],"ix":1},"s":{"a":0,"k":[100,100],"ix":3},"r":{"a":0,"k":0,"ix":6},"o":{"a":0,"k":100,"ix":7},"sk":{"a":0,"k":0,"ix":4},"sa":{"a":0,"k":0,"ix":5},"nm":"Transformer "}],"nm":"Groupe 1","np":2,"cix":2,"ix":1,"mn":"ADBE Vector Group","hd":false}],"ip":0,"op":360,"st":0,"bm":0},{"ddd":0,"ind":6,"ty":4,"nm":"Shield01 Silhouettes","sr":1,"ks":{"o":{"a":0,"k":100,"ix":11},"r":{"a":0,"k":0,"ix":10},"p":{"a":0,"k":[89.919,112.125,0],"ix":2},"a":{"a":0,"k":[20,44.75,0],"ix":1},"s":{"a":0,"k":[100,100,100],"ix":6}},"ao":0,"shapes":[{"ty":"gr","it":[{"ind":0,"ty":"sh","ix":1,"ks":{"a":0,"k":{"i":[[0,0],[0,0],[0,20.188],[0,0],[-1.04,0.039],[0,0]],"o":[[0,0],[-18.807,-11.461],[0,0],[0,-0.919],[17.054,-0.625],[0,0]],"v":[[19.75,44.5],[10.286,38.732],[-19.75,-11.816],[-19.75,-33.333],[-17.888,-35.039],[19.75,-44.5]],"c":false},"ix":2},"nm":"Tracé 1","mn":"ADBE Vector Shape - Group","hd":false},{"ty":"fl","c":{"a":0,"k":[0.732999973671,0.313999998803,0.211999990426,1],"ix":4},"o":{"a":0,"k":100,"ix":5},"r":1,"nm":"Fond 1","mn":"ADBE Vector Graphic - Fill","hd":false},{"ty":"tr","p":{"a":0,"k":[20,44.75],"ix":2},"a":{"a":0,"k":[0,0],"ix":1},"s":{"a":0,"k":[100,100],"ix":3},"r":{"a":0,"k":0,"ix":6},"o":{"a":0,"k":100,"ix":7},"sk":{"a":0,"k":0,"ix":4},"sa":{"a":0,"k":0,"ix":5},"nm":"Transformer "}],"nm":"Groupe 1","np":2,"cix":2,"ix":1,"mn":"ADBE Vector Group","hd":false}],"ip":0,"op":360,"st":0,"bm":0}]},{"id":"comp_35","layers":[{"ddd":0,"ind":1,"ty":4,"nm":"check/Scan_secu Silhouettes","parent":2,"sr":1,"ks":{"o":{"a":0,"k":100,"ix":11},"r":{"a":0,"k":0,"ix":10},"p":{"a":0,"k":[112.922,107.808,0],"ix":2},"a":{"a":0,"k":[32.5,29.5,0],"ix":1},"s":{"a":0,"k":[106.371,106.371,100],"ix":6}},"ao":0,"shapes":[{"ty":"gr","it":[{"ind":0,"ty":"sh","ix":1,"ks":{"a":0,"k":{"i":[[0,0],[0,0],[0,0]],"o":[[0,0],[0,0],[0,0]],"v":[[-16.359,-1.692],[-3.271,13.689],[16.359,-13.689]],"c":false},"ix":2},"nm":"Tracé 1","mn":"ADBE Vector Shape - Group","hd":false},{"ty":"st","c":{"a":0,"k":[0.136999990426,0.187999994615,0.536999990426,1],"ix":3},"o":{"a":0,"k":100,"ix":4},"w":{"a":0,"k":6.286,"ix":5},"lc":2,"lj":1,"ml":10,"nm":"Contour 1","mn":"ADBE Vector Graphic - Stroke","hd":false},{"ty":"tr","p":{"a":0,"k":[32.073,29.403],"ix":2},"a":{"a":0,"k":[0,0],"ix":1},"s":{"a":0,"k":[100,100],"ix":3},"r":{"a":0,"k":0,"ix":6},"o":{"a":0,"k":100,"ix":7},"sk":{"a":0,"k":0,"ix":4},"sa":{"a":0,"k":0,"ix":5},"nm":"Transformer "}],"nm":"Groupe 1","np":2,"cix":2,"ix":1,"mn":"ADBE Vector Group","hd":false}],"ip":0,"op":360,"st":0,"bm":0},{"ddd":0,"ind":2,"ty":0,"nm":"Shield_Bleu","refId":"comp_36","sr":1,"ks":{"o":{"a":0,"k":100,"ix":11},"r":{"a":0,"k":0,"ix":10},"p":{"a":0,"k":[213,105,0],"ix":2},"a":{"a":0,"k":[110,110,0],"ix":1},"s":{"a":0,"k":[136.888,136.888,100],"ix":6}},"ao":0,"w":220,"h":220,"ip":0,"op":360,"st":0,"bm":0}]},{"id":"comp_36","layers":[{"ddd":0,"ind":1,"ty":4,"nm":"ShieldB04 Silhouettes","sr":1,"ks":{"o":{"a":0,"k":100,"ix":11},"r":{"a":0,"k":0,"ix":10},"p":{"a":0,"k":[89.919,112.051,0],"ix":2},"a":{"a":0,"k":[20,44.672,0],"ix":1},"s":{"a":0,"k":[100,100,100],"ix":6}},"ao":0,"shapes":[{"ty":"gr","it":[{"ind":0,"ty":"sh","ix":1,"ks":{"a":0,"k":{"i":[[0,0],[0,18.064],[0,0],[-5.943,2.298],[0,0],[17.054,-0.629],[0,-0.924],[0,0],[-18.806,-11.442],[0,0],[0,0]],"o":[[-16.856,-10.256],[0,0],[12.981,-1.423],[0,0],[0,0],[-1.04,0.038],[0,0],[0,20.154],[0,0],[0,0],[0,0]],"v":[[14.38,33.428],[-12.539,-11.798],[-12.539,-29.003],[19.75,-37.436],[19.75,-44.422],[-17.888,-34.909],[-19.75,-33.195],[-19.75,-11.798],[10.286,38.664],[19.75,44.422],[19.75,36.696]],"c":true},"ix":2},"nm":"Tracé 1","mn":"ADBE Vector Shape - Group","hd":false},{"ty":"fl","c":{"a":0,"k":[0.090000002992,0.122000002394,0.349000010771,1],"ix":4},"o":{"a":0,"k":100,"ix":5},"r":1,"nm":"Fond 1","mn":"ADBE Vector Graphic - Fill","hd":false},{"ty":"tr","p":{"a":0,"k":[20,44.672],"ix":2},"a":{"a":0,"k":[0,0],"ix":1},"s":{"a":0,"k":[100,100],"ix":3},"r":{"a":0,"k":0,"ix":6},"o":{"a":0,"k":100,"ix":7},"sk":{"a":0,"k":0,"ix":4},"sa":{"a":0,"k":0,"ix":5},"nm":"Transformer "}],"nm":"Groupe 1","np":2,"cix":2,"ix":1,"mn":"ADBE Vector Group","hd":false}],"ip":0,"op":360,"st":0,"bm":0},{"ddd":0,"ind":2,"ty":4,"nm":"ShieldB03 Silhouettes","sr":1,"ks":{"o":{"a":0,"k":100,"ix":11},"r":{"a":0,"k":0,"ix":10},"p":{"a":0,"k":[109.669,112.049,0],"ix":2},"a":{"a":0,"k":[39.75,44.674,0],"ix":1},"s":{"a":0,"k":[100,100,100],"ix":6}},"ao":0,"shapes":[{"ty":"gr","it":[{"ind":0,"ty":"sh","ix":1,"ks":{"a":0,"k":{"i":[[0,0],[17.054,-0.624],[0,-0.918],[0,0],[-18.807,-11.443],[0,0],[0,0],[0,20.154],[0,0],[1.04,0.038]],"o":[[0,0],[-1.04,0.038],[0,0],[0,20.154],[0,0],[0,0],[18.808,-11.443],[0,0],[0,-0.918],[-17.054,-0.624]],"v":[[0,-44.424],[-37.638,-34.979],[-39.5,-33.276],[-39.5,-11.797],[-9.464,38.667],[0,44.424],[9.463,38.667],[39.5,-11.797],[39.5,-33.276],[37.638,-34.979]],"c":true},"ix":2},"nm":"Tracé 1","mn":"ADBE Vector Shape - Group","hd":false},{"ty":"st","c":{"a":0,"k":[0.137254908681,0.188235297799,0.537254929543,1],"ix":3},"o":{"a":0,"k":100,"ix":4},"w":{"a":0,"k":7,"ix":5},"lc":1,"lj":1,"ml":4,"nm":"Contour 1","mn":"ADBE Vector Graphic - Stroke","hd":false},{"ty":"tr","p":{"a":0,"k":[39.75,44.674],"ix":2},"a":{"a":0,"k":[0,0],"ix":1},"s":{"a":0,"k":[92.673,92.673],"ix":3},"r":{"a":0,"k":0,"ix":6},"o":{"a":0,"k":100,"ix":7},"sk":{"a":0,"k":0,"ix":4},"sa":{"a":0,"k":0,"ix":5},"nm":"Transformer "}],"nm":"Groupe 1","np":2,"cix":2,"ix":1,"mn":"ADBE Vector Group","hd":false}],"ip":0,"op":360,"st":0,"bm":0},{"ddd":0,"ind":3,"ty":4,"nm":"ShieldB02 Silhouettes","sr":1,"ks":{"o":{"a":0,"k":100,"ix":11},"r":{"a":0,"k":0,"ix":10},"p":{"a":0,"k":[90.949,112.277,0],"ix":2},"a":{"a":0,"k":[18.969,43.538,0],"ix":1},"s":{"a":0,"k":[100,100,100],"ix":6}},"ao":0,"shapes":[{"ty":"gr","it":[{"ind":0,"ty":"sh","ix":1,"ks":{"a":0,"k":{"i":[[0,-0.918],[0,0],[-18.807,-11.442],[0,0],[0,0],[17.054,-0.624]],"o":[[0,0],[0,20.154],[0,0],[0,0],[0,0],[-1.04,0.038]],"v":[[-18.719,-32.14],[-18.719,-12.023],[9.256,37.53],[18.719,43.288],[18.719,-43.288],[-16.857,-33.843]],"c":true},"ix":2},"nm":"Tracé 1","mn":"ADBE Vector Shape - Group","hd":false},{"ty":"fl","c":{"a":0,"k":[0.016000001571,0.416000007181,0.925,1],"ix":4},"o":{"a":0,"k":100,"ix":5},"r":1,"nm":"Fond 1","mn":"ADBE Vector Graphic - Fill","hd":false},{"ty":"tr","p":{"a":0,"k":[18.969,43.538],"ix":2},"a":{"a":0,"k":[0,0],"ix":1},"s":{"a":0,"k":[100,100],"ix":3},"r":{"a":0,"k":0,"ix":6},"o":{"a":0,"k":100,"ix":7},"sk":{"a":0,"k":0,"ix":4},"sa":{"a":0,"k":0,"ix":5},"nm":"Transformer "}],"nm":"Groupe 1","np":2,"cix":2,"ix":1,"mn":"ADBE Vector Group","hd":false}],"ip":0,"op":360,"st":0,"bm":0},{"ddd":0,"ind":4,"ty":4,"nm":"ShieldB01 Silhouettes","sr":1,"ks":{"o":{"a":0,"k":100,"ix":11},"r":{"a":0,"k":0,"ix":10},"p":{"a":0,"k":[109.669,111.873,0],"ix":2},"a":{"a":0,"k":[36.145,40.988,0],"ix":1},"s":{"a":0,"k":[100,100,100],"ix":6}},"ao":0,"shapes":[{"ty":"gr","it":[{"ind":0,"ty":"sh","ix":1,"ks":{"a":0,"k":{"i":[[0,0],[0,19.109],[0,0],[-5.067,2.033],[-14.631,-0.92],[0,0],[17.832,-10.85],[0,0]],"o":[[-17.832,-10.85],[0,0],[14.63,-0.92],[5.067,2.033],[0,0],[0,19.109],[0,0],[0,0]],"v":[[-7.417,36.225],[-35.895,-11.619],[-35.895,-31.704],[0,-40.738],[35.895,-31.704],[35.895,-11.619],[7.417,36.225],[0,40.738]],"c":true},"ix":2},"nm":"Tracé 1","mn":"ADBE Vector Shape - Group","hd":false},{"ty":"fl","c":{"a":0,"k":[0,0.430999995213,0.976000019148,1],"ix":4},"o":{"a":0,"k":100,"ix":5},"r":1,"nm":"Fond 1","mn":"ADBE Vector Graphic - Fill","hd":false},{"ty":"tr","p":{"a":0,"k":[36.145,40.988],"ix":2},"a":{"a":0,"k":[0,0],"ix":1},"s":{"a":0,"k":[100,100],"ix":3},"r":{"a":0,"k":0,"ix":6},"o":{"a":0,"k":100,"ix":7},"sk":{"a":0,"k":0,"ix":4},"sa":{"a":0,"k":0,"ix":5},"nm":"Transformer "}],"nm":"Groupe 1","np":2,"cix":2,"ix":1,"mn":"ADBE Vector Group","hd":false}],"ip":0,"op":360,"st":0,"bm":0}]},{"id":"comp_37","layers":[{"ddd":0,"ind":1,"ty":4,"nm":"Forme Silhouettes - Groupe 1","parent":7,"sr":1,"ks":{"o":{"a":0,"k":100,"ix":11},"r":{"a":1,"k":[{"i":{"x":[0.833],"y":[0.833]},"o":{"x":[0.167],"y":[0.167]},"n":["0p833_0p833_0p167_0p167"],"t":0,"s":[0],"e":[-360]},{"t":151.68}],"ix":10},"p":{"a":0,"k":[306.246,367.376,0],"ix":2},"a":{"a":0,"k":[306.246,367.376,0],"ix":1},"s":{"a":0,"k":[100,100,100],"ix":6}},"ao":0,"shapes":[{"ty":"gr","it":[{"ind":0,"ty":"sh","ix":1,"ks":{"a":1,"k":[{"i":{"x":0.833,"y":0.833},"o":{"x":0.167,"y":0.167},"n":"0p833_0p833_0p167_0p167","t":0,"s":[{"i":[[-15.884,-86.323],[66.274,-12.195],[15.884,86.323],[-66.275,12.196]],"o":[[15.884,86.323],[-66.275,12.195],[-15.884,-86.324],[66.274,-12.195]],"v":[[120.001,-22.081],[28.761,156.302],[-120.001,22.082],[-28.76,-156.302]],"c":true}],"e":[{"i":[[-15.884,-86.323],[66.274,-12.195],[15.884,86.323],[-66.275,12.196]],"o":[[15.884,86.323],[-66.275,12.195],[-15.884,-86.324],[66.274,-12.195]],"v":[[180.622,106.8],[67.432,226.342],[-107.305,58.575],[-14.921,-131.962]],"c":true}]},{"i":{"x":0.833,"y":0.833},"o":{"x":0.167,"y":0.167},"n":"0p833_0p833_0p167_0p167","t":12.48,"s":[{"i":[[-15.884,-86.323],[66.274,-12.195],[15.884,86.323],[-66.275,12.196]],"o":[[15.884,86.323],[-66.275,12.195],[-15.884,-86.324],[66.274,-12.195]],"v":[[180.622,106.8],[67.432,226.342],[-107.305,58.575],[-14.921,-131.962]],"c":true}],"e":[{"i":[[-3.955,-86.633],[66.274,-12.195],[15.884,86.323],[-66.275,12.196]],"o":[[3.758,88.135],[-66.275,12.195],[-15.884,-86.324],[66.274,-12.195]],"v":[[195.967,3.609],[58.585,162.383],[-137.67,57.193],[-41.019,-108.267]],"c":true}]},{"i":{"x":0.833,"y":0.833},"o":{"x":0.167,"y":0.167},"n":"0p833_0p833_0p167_0p167","t":32.64,"s":[{"i":[[-3.955,-86.633],[66.274,-12.195],[15.884,86.323],[-66.275,12.196]],"o":[[3.758,88.135],[-66.275,12.195],[-15.884,-86.324],[66.274,-12.195]],"v":[[195.967,3.609],[58.585,162.383],[-137.67,57.193],[-41.019,-108.267]],"c":true}],"e":[{"i":[[11.382,-87.031],[66.274,-12.195],[15.884,86.323],[-66.275,12.196]],"o":[[-11.831,90.465],[-66.275,12.195],[-15.884,-86.324],[66.274,-12.195]],"v":[[178.998,-27.17],[54.395,184.773],[-111.508,46.495],[-12.59,-124.904]],"c":true}]},{"i":{"x":0.833,"y":0.833},"o":{"x":0.167,"y":0.167},"n":"0p833_0p833_0p167_0p167","t":58.56,"s":[{"i":[[11.382,-87.031],[66.274,-12.195],[15.884,86.323],[-66.275,12.196]],"o":[[-11.831,90.465],[-66.275,12.195],[-15.884,-86.324],[66.274,-12.195]],"v":[[178.998,-27.17],[54.395,184.773],[-111.508,46.495],[-12.59,-124.904]],"c":true}],"e":[{"i":[[-15.884,-86.323],[66.274,-12.195],[15.884,86.323],[-66.275,12.196]],"o":[[15.884,86.323],[-66.275,12.195],[-15.884,-86.324],[66.274,-12.195]],"v":[[140.487,21.472],[41.358,143.205],[-115.711,34.414],[-10.26,-117.846]],"c":true}]},{"i":{"x":0.833,"y":0.833},"o":{"x":0.167,"y":0.167},"n":"0p833_0p833_0p167_0p167","t":104.64,"s":[{"i":[[-15.884,-86.323],[66.274,-12.195],[15.884,86.323],[-66.275,12.196]],"o":[[15.884,86.323],[-66.275,12.195],[-15.884,-86.324],[66.274,-12.195]],"v":[[140.487,21.472],[41.358,143.205],[-115.711,34.414],[-10.26,-117.846]],"c":true}],"e":[{"i":[[-15.884,-86.323],[66.274,-12.195],[15.884,86.323],[-66.275,12.196]],"o":[[15.884,86.323],[-66.275,12.195],[-15.884,-86.324],[66.274,-12.195]],"v":[[120.001,-22.081],[28.761,156.302],[-120.001,22.082],[-28.76,-156.302]],"c":true}]},{"t":151.68}],"ix":2},"nm":"Tracé 1","mn":"ADBE Vector Shape - Group","hd":false},{"ty":"fl","c":{"a":0,"k":[0,0.705999995213,0.6,1],"ix":4},"o":{"a":0,"k":100,"ix":5},"r":1,"nm":"Fond 1","mn":"ADBE Vector Graphic - Fill","hd":false},{"ty":"tr","p":{"a":0,"k":[321.472,381.97],"ix":2},"a":{"a":0,"k":[15.227,14.594],"ix":1},"s":{"a":0,"k":[100,100],"ix":3},"r":{"a":1,"k":[{"i":{"x":[0.833],"y":[0.833]},"o":{"x":[0.167],"y":[0.167]},"n":["0p833_0p833_0p167_0p167"],"t":0,"s":[0],"e":[720]},{"t":151.68}],"ix":6},"o":{"a":0,"k":100,"ix":7},"sk":{"a":0,"k":0,"ix":4},"sa":{"a":0,"k":0,"ix":5},"nm":"Transformer "}],"nm":"Groupe 1","np":2,"cix":2,"ix":1,"mn":"ADBE Vector Group","hd":false}],"ip":-83.52,"op":276.48,"st":-83.52,"bm":0},{"ddd":0,"ind":2,"ty":4,"nm":"Forme Silhouettes - Groupe 2","parent":7,"sr":1,"ks":{"o":{"a":0,"k":100,"ix":11},"r":{"a":1,"k":[{"i":{"x":[0.833],"y":[0.833]},"o":{"x":[0.167],"y":[0.167]},"n":["0p833_0p833_0p167_0p167"],"t":0,"s":[0],"e":[-360]},{"t":151.68}],"ix":10},"p":{"a":0,"k":[322.054,426.903,0],"ix":2},"a":{"a":0,"k":[322.054,426.903,0],"ix":1},"s":{"a":0,"k":[100,100,100],"ix":6}},"ao":0,"shapes":[{"ty":"gr","it":[{"ind":0,"ty":"sh","ix":1,"ks":{"a":0,"k":{"i":[[-4.792,-0.754],[0.748,-4.755],[4.791,0.754],[-0.748,4.755]],"o":[[4.792,0.754],[-0.748,4.754],[-4.792,-0.754],[0.748,-4.755]],"v":[[1.354,-8.61],[8.676,1.365],[-1.354,8.61],[-8.676,-1.365]],"c":true},"ix":2},"nm":"Tracé 1","mn":"ADBE Vector Shape - Group","hd":false},{"ty":"fl","c":{"a":0,"k":[0.224000010771,1,0.337000020345,1],"ix":4},"o":{"a":0,"k":100,"ix":5},"r":1,"nm":"Fond 1","mn":"ADBE Vector Graphic - Fill","hd":false},{"ty":"tr","p":{"a":0,"k":[321.472,381.97],"ix":2},"a":{"a":0,"k":[-92.582,175.067],"ix":1},"s":{"a":0,"k":[100,100],"ix":3},"r":{"a":1,"k":[{"i":{"x":[0.833],"y":[0.833]},"o":{"x":[0.167],"y":[0.167]},"n":["0p833_0p833_0p167_0p167"],"t":0,"s":[720],"e":[360]},{"t":151.68}],"ix":6},"o":{"a":0,"k":100,"ix":7},"sk":{"a":0,"k":0,"ix":4},"sa":{"a":0,"k":0,"ix":5},"nm":"Transformer "}],"nm":"Groupe 2","np":2,"cix":2,"ix":1,"mn":"ADBE Vector Group","hd":false}],"ip":-83.52,"op":276.48,"st":-83.52,"bm":0},{"ddd":0,"ind":3,"ty":4,"nm":"Forme Silhouettes - Groupe 3","parent":7,"sr":1,"ks":{"o":{"a":0,"k":100,"ix":11},"r":{"a":1,"k":[{"i":{"x":[0.833],"y":[0.833]},"o":{"x":[0.167],"y":[0.167]},"n":["0p833_0p833_0p167_0p167"],"t":0,"s":[0],"e":[-360]},{"t":151.68}],"ix":10},"p":{"a":0,"k":[326.56,400.451,0],"ix":2},"a":{"a":0,"k":[326.56,400.451,0],"ix":1},"s":{"a":0,"k":[100,100,100],"ix":6}},"ao":0,"shapes":[{"ty":"gr","it":[{"ind":0,"ty":"sh","ix":1,"ks":{"a":0,"k":{"i":[[-19.304,-3.036],[3.014,-19.158],[19.304,3.036],[-3.013,19.157]],"o":[[19.304,3.036],[-3.013,19.157],[-19.304,-3.036],[3.013,-19.157]],"v":[[5.456,-34.687],[34.952,5.498],[-5.456,34.687],[-34.954,-5.498]],"c":true},"ix":2},"nm":"Tracé 1","mn":"ADBE Vector Shape - Group","hd":false},{"ty":"fl","c":{"a":0,"k":[0,0.430999995213,0.976000019148,1],"ix":4},"o":{"a":0,"k":100,"ix":5},"r":1,"nm":"Fond 1","mn":"ADBE Vector Graphic - Fill","hd":false},{"ty":"tr","p":{"a":0,"k":[314.813,395.595],"ix":2},"a":{"a":0,"k":[178.252,-110.855],"ix":1},"s":{"a":0,"k":[100,100],"ix":3},"r":{"a":1,"k":[{"i":{"x":[0.833],"y":[0.833]},"o":{"x":[0.167],"y":[0.167]},"n":["0p833_0p833_0p167_0p167"],"t":0,"s":[0],"e":[-360]},{"t":151.68}],"ix":6},"o":{"a":0,"k":100,"ix":7},"sk":{"a":0,"k":0,"ix":4},"sa":{"a":0,"k":0,"ix":5},"nm":"Transformer "}],"nm":"Groupe 3","np":2,"cix":2,"ix":1,"mn":"ADBE Vector Group","hd":false}],"ip":-83.52,"op":276.48,"st":-83.52,"bm":0},{"ddd":0,"ind":4,"ty":4,"nm":"Forme Silhouettes - Groupe 4","parent":7,"sr":1,"ks":{"o":{"a":0,"k":100,"ix":11},"r":{"a":1,"k":[{"i":{"x":[0.833],"y":[0.833]},"o":{"x":[0.167],"y":[0.167]},"n":["0p833_0p833_0p167_0p167"],"t":0,"s":[0],"e":[-360]},{"t":151.68}],"ix":10},"p":{"a":0,"k":[328.538,390.521,0],"ix":2},"a":{"a":0,"k":[328.538,390.521,0],"ix":1},"s":{"a":0,"k":[100,100,100],"ix":6}},"ao":0,"shapes":[{"ty":"gr","it":[{"ind":0,"ty":"sh","ix":1,"ks":{"a":0,"k":{"i":[[-14.054,-2.211],[2.193,-13.947],[14.054,2.21],[-2.194,13.946]],"o":[[14.054,2.211],[-2.194,13.947],[-14.055,-2.211],[2.193,-13.947]],"v":[[3.973,-25.253],[25.448,4.003],[-3.971,25.254],[-25.446,-4.002]],"c":true},"ix":2},"nm":"Tracé 1","mn":"ADBE Vector Shape - Group","hd":false},{"ty":"fl","c":{"a":0,"k":[0,0.430999995213,0.976000019148,1],"ix":4},"o":{"a":0,"k":100,"ix":5},"r":1,"nm":"Fond 1","mn":"ADBE Vector Graphic - Fill","hd":false},{"ty":"tr","p":{"a":0,"k":[314.333,387.945],"ix":2},"a":{"a":0,"k":[211.877,-151.982],"ix":1},"s":{"a":0,"k":[100,100],"ix":3},"r":{"a":0,"k":319.417,"ix":6},"o":{"a":0,"k":100,"ix":7},"sk":{"a":0,"k":0,"ix":4},"sa":{"a":0,"k":0,"ix":5},"nm":"Transformer "}],"nm":"Groupe 4","np":2,"cix":2,"ix":1,"mn":"ADBE Vector Group","hd":false}],"ip":-83.52,"op":276.48,"st":-83.52,"bm":0},{"ddd":0,"ind":5,"ty":4,"nm":"Forme Silhouettes - Groupe 5","parent":7,"sr":1,"ks":{"o":{"a":0,"k":100,"ix":11},"r":{"a":1,"k":[{"i":{"x":[0.833],"y":[0.833]},"o":{"x":[0.167],"y":[0.167]},"n":["0p833_0p833_0p167_0p167"],"t":0,"s":[0],"e":[-360]},{"t":151.68}],"ix":10},"p":{"a":0,"k":[322.85,392.409,0],"ix":2},"a":{"a":0,"k":[322.85,392.409,0],"ix":1},"s":{"a":0,"k":[100,100,100],"ix":6}},"ao":0,"shapes":[{"ty":"gr","it":[{"ind":0,"ty":"sh","ix":1,"ks":{"a":0,"k":{"i":[[-7.515,-1.182],[1.173,-7.458],[7.515,1.182],[-1.173,7.458]],"o":[[7.515,1.182],[-1.173,7.457],[-7.515,-1.181],[1.173,-7.458]],"v":[[2.124,-13.503],[13.607,2.141],[-2.124,13.503],[-13.607,-2.14]],"c":true},"ix":2},"nm":"Tracé 1","mn":"ADBE Vector Shape - Group","hd":false},{"ty":"fl","c":{"a":0,"k":[0,0.917999985639,0.732999973671,1],"ix":4},"o":{"a":0,"k":100,"ix":5},"r":1,"nm":"Fond 1","mn":"ADBE Vector Graphic - Fill","hd":false},{"ty":"tr","p":{"a":0,"k":[460.85,174.409],"ix":2},"a":{"a":0,"k":[0,0],"ix":1},"s":{"a":0,"k":[100,100],"ix":3},"r":{"a":1,"k":[{"i":{"x":[0.833],"y":[0.833]},"o":{"x":[0.167],"y":[0.167]},"n":["0p833_0p833_0p167_0p167"],"t":0,"s":[0],"e":[-360]},{"t":151.68}],"ix":6},"o":{"a":0,"k":100,"ix":7},"sk":{"a":0,"k":0,"ix":4},"sa":{"a":0,"k":0,"ix":5},"nm":"Transformer "}],"nm":"Groupe 5","np":2,"cix":2,"ix":1,"mn":"ADBE Vector Group","hd":false}],"ip":-83.52,"op":276.48,"st":-83.52,"bm":0},{"ddd":0,"ind":6,"ty":4,"nm":"Forme Silhouettes - Groupe 6","parent":7,"sr":1,"ks":{"o":{"a":0,"k":100,"ix":11},"r":{"a":1,"k":[{"i":{"x":[0.833],"y":[0.833]},"o":{"x":[0.167],"y":[0.167]},"n":["0p833_0p833_0p167_0p167"],"t":0,"s":[0],"e":[-360]},{"t":151.68}],"ix":10},"p":{"a":0,"k":[329.838,401.84,0],"ix":2},"a":{"a":0,"k":[329.838,401.84,0],"ix":1},"s":{"a":0,"k":[100,100,100],"ix":6}},"ao":0,"shapes":[{"ty":"gr","it":[{"ind":0,"ty":"sh","ix":1,"ks":{"a":0,"k":{"i":[[-86.707,-13.639],[10.515,-66.846],[86.706,13.639],[-10.514,66.845]],"o":[[86.707,13.638],[-10.515,66.846],[-86.707,-13.637],[10.514,-66.847]],"v":[[19.038,-121.036],[156.995,24.694],[-19.039,121.035],[-156.996,-24.694]],"c":true},"ix":2},"nm":"Tracé 1","mn":"ADBE Vector Shape - Group","hd":false},{"ty":"fl","c":{"a":0,"k":[0.211999990426,0.779999976065,1,1],"ix":4},"o":{"a":0,"k":100,"ix":5},"r":1,"nm":"Fond 1","mn":"ADBE Vector Graphic - Fill","hd":false},{"ty":"tr","p":{"a":0,"k":[329.839,401.84],"ix":2},"a":{"a":0,"k":[0,0],"ix":1},"s":{"a":0,"k":[100,100],"ix":3},"r":{"a":1,"k":[{"i":{"x":[0.833],"y":[0.833]},"o":{"x":[0.167],"y":[0.167]},"n":["0p833_0p833_0p167_0p167"],"t":0,"s":[-720],"e":[-720]},{"t":151.68}],"ix":6},"o":{"a":0,"k":100,"ix":7},"sk":{"a":0,"k":0,"ix":4},"sa":{"a":0,"k":0,"ix":5},"nm":"Transformer "}],"nm":"Groupe 6","np":2,"cix":2,"ix":1,"mn":"ADBE Vector Group","hd":false}],"ip":-83.52,"op":276.48,"st":-83.52,"bm":0},{"ddd":0,"ind":7,"ty":4,"nm":"Forme Silhouettes","sr":1,"ks":{"o":{"a":0,"k":100,"ix":11},"r":{"a":1,"k":[{"i":{"x":[0.833],"y":[0.833]},"o":{"x":[0.167],"y":[0.167]},"n":["0p833_0p833_0p167_0p167"],"t":0,"s":[0],"e":[-360]},{"t":151.68}],"ix":10},"p":{"a":0,"k":[328,359,0],"ix":2},"a":{"a":0,"k":[313.46,391.641,0],"ix":1},"s":{"a":0,"k":[100,100,100],"ix":6}},"ao":0,"shapes":[{"ty":"gr","it":[{"ind":0,"ty":"sh","ix":1,"ks":{"a":0,"k":{"i":[[43.887,-76.013],[58.602,33.834],[-43.886,76.013],[-58.602,-33.834]],"o":[[-43.886,76.014],[-58.602,-33.834],[43.886,-76.013],[58.603,33.834]],"v":[[106.109,61.262],[-79.463,137.634],[-106.109,-61.262],[79.462,-137.634]],"c":true},"ix":2},"nm":"Tracé 1","mn":"ADBE Vector Shape - Group","hd":false},{"ty":"fl","c":{"a":0,"k":[0,0.875,0.677999997606,1],"ix":4},"o":{"a":0,"k":100,"ix":5},"r":1,"nm":"Fond 1","mn":"ADBE Vector Graphic - Fill","hd":false},{"ty":"tr","p":{"a":0,"k":[332.502,397.401],"ix":2},"a":{"a":0,"k":[0,0],"ix":1},"s":{"a":0,"k":[100,100],"ix":3},"r":{"a":1,"k":[{"i":{"x":[0.833],"y":[0.833]},"o":{"x":[0.167],"y":[0.167]},"n":["0p833_0p833_0p167_0p167"],"t":0,"s":[0],"e":[-360]},{"t":151.68}],"ix":6},"o":{"a":0,"k":100,"ix":7},"sk":{"a":0,"k":0,"ix":4},"sa":{"a":0,"k":0,"ix":5},"nm":"Transformer "}],"nm":"Groupe 7","np":2,"cix":2,"ix":1,"mn":"ADBE Vector Group","hd":false}],"ip":-83.52,"op":276.48,"st":-83.52,"bm":0}]}],"layers":[{"ddd":0,"ind":1,"ty":0,"nm":"Lotti_HQ","refId":"comp_30","sr":1,"ks":{"o":{"a":0,"k":100,"ix":11},"r":{"a":0,"k":0,"ix":10},"p":{"a":0,"k":[108,53,0],"ix":2},"a":{"a":0,"k":[216,106,0],"ix":1},"s":{"a":0,"k":[50.107,50.107,100],"ix":6}},"ao":0,"w":432,"h":212,"ip":0,"op":360,"st":0,"bm":0}]}